state_region,ages,year,population
AL,under18,2012,1117489.0
AL,total,2012,4817528.0
AL,under18,2010,1130966.0
AL,total,2010,4785570.0
AL,under18,2011,1125763.0
AL,total,2011,4801627.0
AL,total,2009,4757938.0
AL,under18,2009,1134192.0
AL,under18,2013,1111481.0
AL,total,2013,4833722.0
AL,total,2007,4672840.0
AL,under18,2007,1132296.0
AL,total,2008,4718206.0
AL,under18,2008,1134927.0
AL,total,2005,4569805.0
AL,under18,2005,1117229.0
AL,total,2006,4628981.0
AL,under18,2006,1126798.0
AL,total,2004,4530729.0
AL,under18,2004,1113662.0
AL,total,2003,4503491.0
AL,under18,2003,1113083.0
AL,total,2001,4467634.0
AL,under18,2001,1120409.0
AL,total,2002,4480089.0
AL,under18,2002,1116590.0
AL,under18,1999,1121287.0
AL,total,1999,4430141.0
AL,total,2000,4452173.0
AL,under18,2000,1122273.0
AL,total,1998,4404701.0
AL,under18,1998,1118252.0
AL,under18,1997,1122893.0
AL,total,1997,4367935.0
AL,total,1996,4331103.0
AL,total,1995,4296800.0
AL,under18,1995,1110553.0
AL,under18,1996,1112092.0
AL,total,1994,4260229.0
AL,total,1993,4214202.0
AL,under18,1993,1085606.0
AL,under18,1994,1097180.0
AL,under18,1992,1072873.0
AL,total,1992,4154014.0
AL,total,1991,4099156.0
AL,under18,1991,1060794.0
AL,under18,1990,1050041.0
AL,total,1990,4050055.0
AK,total,1990,553290.0
AK,under18,1990,177502.0
AK,total,1992,588736.0
AK,under18,1991,182180.0
AK,under18,1992,184878.0
AK,total,1994,603308.0
AK,under18,1994,187439.0
AK,total,1991,570193.0
AK,total,1993,599434.0
AK,under18,1993,187190.0
AK,total,1995,604412.0
AK,under18,1995,184990.0
AK,total,1996,608569.0
AK,under18,1996,185360.0
AK,under18,1997,188280.0
AK,under18,1998,192636.0
AK,total,1998,619933.0
AK,total,1997,612968.0
AK,under18,1999,191422.0
AK,total,1999,624779.0
AK,total,2000,627963.0
AK,under18,2000,190615.0
AK,total,2001,633714.0
AK,under18,2001,188771.0
AK,total,2002,642337.0
AK,under18,2002,188482.0
AK,total,2003,648414.0
AK,under18,2003,186843.0
AK,total,2004,659286.0
AK,under18,2004,186335.0
AK,total,2005,666946.0
AK,under18,2005,185304.0
AK,total,2006,675302.0
AK,under18,2006,185580.0
AK,total,2007,680300.0
AK,under18,2007,184344.0
AK,total,2008,687455.0
AK,under18,2008,183124.0
AK,under18,2013,188132.0
AK,total,2013,735132.0
AK,total,2009,698895.0
AK,under18,2009,186351.0
AK,under18,2010,187902.0
AK,total,2010,713868.0
AK,under18,2011,188329.0
AK,total,2011,723375.0
AK,under18,2012,188162.0
AK,total,2012,730307.0
AZ,under18,2012,1617149.0
AZ,total,2012,6551149.0
AZ,under18,2011,1616353.0
AZ,total,2011,6468796.0
AZ,under18,2010,1628563.0
AZ,total,2010,6408790.0
AZ,under18,2013,1616814.0
AZ,total,2013,6626624.0
AZ,total,2009,6343154.0
AZ,under18,2009,1627343.0
AZ,total,2007,6167681.0
AZ,under18,2007,1607895.0
AZ,total,2008,6280362.0
AZ,under18,2008,1628651.0
AZ,total,2005,5839077.0
AZ,under18,2005,1529168.0
AZ,total,2006,6029141.0
AZ,under18,2006,1574867.0
AZ,total,2004,5652404.0
AZ,under18,2004,1484454.0
AZ,total,2003,5510364.0
AZ,under18,2003,1453671.0
AZ,total,2001,5273477.0
AZ,under18,2001,1399015.0
AZ,total,2002,5396255.0
AZ,under18,2002,1427938.0
AZ,under18,1999,1332396.0
AZ,total,1999,5023823.0
AZ,total,2000,5160586.0
AZ,under18,2000,1373414.0
AZ,total,1998,4883342.0
AZ,under18,1998,1285794.0
AZ,total,1997,4736990.0
AZ,under18,1997,1237159.0
AZ,under18,1996,1215285.0
AZ,total,1996,4586940.0
AZ,total,1995,4432499.0
AZ,under18,1995,1173391.0
AZ,total,1993,4065440.0
AZ,under18,1993,1094233.0
AZ,under18,1994,1119857.0
AZ,total,1994,4245089.0
AZ,under18,1992,1055572.0
AZ,under18,1991,1028285.0
AZ,total,1991,3788576.0
AZ,total,1992,3915740.0
AZ,under18,1990,1006040.0
AZ,total,1990,3684097.0
AR,under18,1990,620933.0
AR,total,1990,2356586.0
AR,total,1991,2383144.0
AR,under18,1991,626212.0
AR,under18,1992,638269.0
AR,total,1992,2415984.0
AR,under18,1994,653842.0
AR,total,1994,2494019.0
AR,total,1993,2456303.0
AR,under18,1993,643474.0
AR,under18,1995,667671.0
AR,total,1995,2535399.0
AR,under18,1996,677912.0
AR,total,1996,2572109.0
AR,under18,1998,683637.0
AR,total,1997,2601091.0
AR,under18,1997,680203.0
AR,total,1998,2626289.0
AR,total,2000,2678588.0
AR,under18,2000,680378.0
AR,under18,1999,681940.0
AR,total,1999,2651860.0
AR,total,2002,2705927.0
AR,under18,2002,678798.0
AR,total,2001,2691571.0
AR,under18,2001,679606.0
AR,total,2004,2749686.0
AR,under18,2004,683166.0
AR,total,2003,2724816.0
AR,under18,2003,679579.0
AR,total,2006,2821761.0
AR,under18,2006,697842.0
AR,total,2005,2781097.0
AR,under18,2005,689787.0
AR,total,2008,2874554.0
AR,under18,2008,705725.0
AR,total,2007,2848650.0
AR,under18,2007,702737.0
AR,total,2009,2896843.0
AR,under18,2009,707886.0
AR,under18,2013,709866.0
AR,total,2013,2959373.0
AR,under18,2011,710576.0
AR,total,2011,2938506.0
AR,under18,2010,711947.0
AR,total,2010,2922280.0
AR,under18,2012,710471.0
AR,total,2012,2949828.0
CA,under18,2012,9209007.0
CA,total,2012,37999878.0
CA,under18,2011,9252336.0
CA,total,2011,37668681.0
CA,under18,2010,9284094.0
CA,total,2010,37333601.0
CA,under18,2013,9174877.0
CA,total,2013,38332521.0
CA,total,2009,36961229.0
CA,under18,2009,9294501.0
CA,total,2007,36250311.0
CA,under18,2007,9335620.0
CA,total,2008,36604337.0
CA,under18,2008,9321621.0
CA,total,2005,35827943.0
CA,under18,2005,9405565.0
CA,total,2006,36021202.0
CA,under18,2006,9370884.0
CA,total,2003,35253159.0
CA,under18,2003,9404594.0
CA,total,2004,35574576.0
CA,under18,2004,9418497.0
CA,total,2001,34479458.0
CA,under18,2001,9325466.0
CA,total,2002,34871843.0
CA,under18,2002,9365142.0
CA,under18,1999,9207878.0
CA,total,1999,33499204.0
CA,total,2000,33987977.0
CA,under18,2000,9267089.0
CA,under18,1998,9163238.0
CA,total,1998,32987675.0
CA,under18,1997,9135359.0
CA,total,1997,32486010.0
CA,under18,1996,9079519.0
CA,total,1996,32018834.0
CA,total,1995,31696582.0
CA,under18,1995,8920578.0
CA,total,1993,31274928.0
CA,under18,1993,8624810.0
CA,under18,1994,8790058.0
CA,total,1994,31484435.0
CA,total,1991,30470736.0
CA,under18,1991,8245605.0
CA,under18,1992,8439647.0
CA,total,1992,30974659.0
CA,under18,1990,7980501.0
CA,total,1990,29959515.0
CO,total,1990,3307618.0
CO,under18,1990,881640.0
CO,total,1992,3495939.0
CO,under18,1992,925577.0
CO,under18,1991,896537.0
CO,total,1991,3387119.0
CO,total,1994,3724168.0
CO,under18,1994,966412.0
CO,under18,1993,947806.0
CO,total,1993,3613734.0
CO,under18,1995,984310.0
CO,total,1995,3826653.0
CO,total,1996,3919972.0
CO,under18,1996,1003946.0
CO,under18,1997,1030557.0
CO,total,1997,4018293.0
CO,total,1998,4116639.0
CO,under18,1998,1060066.0
CO,total,2000,4326921.0
CO,under18,2000,1106676.0
CO,total,1999,4226018.0
CO,under18,1999,1083938.0
CO,total,2002,4490406.0
CO,under18,2002,1138273.0
CO,total,2001,4425687.0
CO,under18,2001,1126647.0
CO,total,2004,4575013.0
CO,under18,2004,1146369.0
CO,total,2003,4528732.0
CO,under18,2003,1144597.0
CO,total,2006,4720423.0
CO,under18,2006,1171832.0
CO,total,2005,4631888.0
CO,under18,2005,1156399.0
CO,total,2008,4889730.0
CO,under18,2008,1203289.0
CO,total,2007,4803868.0
CO,under18,2007,1189434.0
CO,total,2009,4972195.0
CO,under18,2009,1217213.0
CO,under18,2013,1237932.0
CO,total,2013,5268367.0
CO,under18,2010,1226619.0
CO,total,2010,5048196.0
CO,under18,2011,1230178.0
CO,total,2011,5118400.0
CO,under18,2012,1232864.0
CO,total,2012,5189458.0
CT,under18,2012,794959.0
CT,total,2012,3591765.0
CT,under18,2011,805109.0
CT,total,2011,3588948.0
CT,under18,2010,814187.0
CT,total,2010,3579210.0
CT,under18,2013,785566.0
CT,total,2013,3596080.0
CT,total,2009,3561807.0
CT,under18,2009,820839.0
CT,total,2007,3527270.0
CT,under18,2007,833484.0
CT,total,2008,3545579.0
CT,under18,2008,826626.0
CT,total,2005,3506956.0
CT,under18,2005,844034.0
CT,total,2006,3517460.0
CT,under18,2006,839372.0
CT,total,2003,3484336.0
CT,under18,2003,851115.0
CT,total,2004,3496094.0
CT,under18,2004,848979.0
CT,total,2001,3432835.0
CT,under18,2001,845850.0
CT,total,2002,3458749.0
CT,under18,2002,848877.0
CT,total,1999,3386401.0
CT,under18,1999,834654.0
CT,total,2000,3411777.0
CT,under18,2000,842242.0
CT,under18,1998,824600.0
CT,total,1998,3365352.0
CT,total,1997,3349348.0
CT,under18,1997,814373.0
CT,under18,1996,811855.0
CT,total,1996,3336685.0
CT,total,1995,3324144.0
CT,under18,1995,808623.0
CT,total,1993,3309175.0
CT,under18,1993,790749.0
CT,under18,1994,801231.0
CT,total,1994,3316121.0
CT,under18,1991,766304.0
CT,total,1991,3302895.0
CT,under18,1992,777264.0
CT,total,1992,3300712.0
CT,total,1990,3291967.0
CT,under18,1990,752666.0
DE,under18,1990,165628.0
DE,total,1990,669567.0
DE,under18,1992,174166.0
DE,total,1992,694927.0
DE,total,1991,683080.0
DE,under18,1991,169910.0
DE,total,1994,717545.0
DE,under18,1994,180833.0
DE,total,1993,706378.0
DE,under18,1993,176916.0
DE,under18,1995,181736.0
DE,total,1995,729735.0
DE,total,1996,740978.0
DE,under18,1996,184021.0
DE,under18,1997,186607.0
DE,total,1997,751487.0
DE,total,1998,763335.0
DE,under18,1998,189302.0
DE,total,2000,786373.0
DE,under18,2000,194914.0
DE,total,1999,774990.0
DE,under18,1999,192510.0
DE,total,2002,806169.0
DE,under18,2002,196946.0
DE,total,2001,795699.0
DE,under18,2001,196038.0
DE,total,2004,830803.0
DE,under18,2004,199631.0
DE,total,2003,818003.0
DE,under18,2003,198045.0
DE,total,2006,859268.0
DE,under18,2006,203729.0
DE,total,2005,845150.0
DE,under18,2005,201988.0
DE,total,2008,883874.0
DE,under18,2008,206116.0
DE,total,2007,871749.0
DE,under18,2007,205155.0
DE,under18,2013,203558.0
DE,total,2013,925749.0
DE,total,2009,891730.0
DE,under18,2009,206213.0
DE,under18,2010,205478.0
DE,total,2010,899711.0
DE,under18,2011,204801.0
DE,total,2011,907985.0
DE,under18,2012,204586.0
DE,total,2012,917053.0
DC,under18,2012,107642.0
DC,total,2012,633427.0
DC,under18,2011,103906.0
DC,total,2011,619624.0
DC,under18,2010,101309.0
DC,total,2010,605125.0
DC,under18,2013,111474.0
DC,total,2013,646449.0
DC,total,2009,592228.0
DC,under18,2009,102098.0
DC,total,2007,574404.0
DC,under18,2007,104126.0
DC,total,2008,580236.0
DC,under18,2008,102257.0
DC,total,2005,567136.0
DC,under18,2005,107187.0
DC,total,2006,570681.0
DC,under18,2006,105651.0
DC,total,2003,568502.0
DC,under18,2003,111403.0
DC,total,2004,567754.0
DC,under18,2004,109756.0
DC,total,2001,574504.0
DC,under18,2001,114625.0
DC,total,2002,573158.0
DC,under18,2002,113822.0
DC,total,1999,570220.0
DC,under18,1999,115003.0
DC,total,2000,572046.0
DC,under18,2000,114503.0
DC,under18,1998,113839.0
DC,total,1998,565232.0
DC,under18,1997,119531.0
DC,total,1997,567739.0
DC,under18,1996,121210.0
DC,total,1996,572379.0
DC,total,1995,580519.0
DC,under18,1995,123620.0
DC,total,1993,595302.0
DC,under18,1993,120471.0
DC,under18,1994,122170.0
DC,total,1994,589240.0
DC,total,1991,600870.0
DC,under18,1991,116825.0
DC,under18,1992,118636.0
DC,total,1992,597567.0
DC,under18,1990,112632.0
DC,total,1990,605321.0
FL,total,1990,13033307.0
FL,under18,1990,2988807.0
FL,under18,1991,3045638.0
FL,total,1991,13369798.0
FL,total,1994,14239444.0
FL,under18,1994,3299887.0
FL,under18,1993,3214066.0
FL,total,1993,13927185.0
FL,total,1992,13650553.0
FL,under18,1992,3120439.0
FL,under18,1995,3366468.0
FL,total,1995,14537875.0
FL,total,1996,14853360.0
FL,under18,1996,3431695.0
FL,under18,1998,3557561.0
FL,under18,1997,3502269.0
FL,total,1997,15186304.0
FL,total,1998,15486559.0
FL,total,1999,15759421.0
FL,under18,1999,3611711.0
FL,total,2000,16047515.0
FL,under18,2000,3654880.0
FL,total,2001,16356966.0
FL,under18,2001,3714439.0
FL,total,2002,16689370.0
FL,under18,2002,3774624.0
FL,total,2003,17004085.0
FL,under18,2003,3820876.0
FL,total,2004,17415318.0
FL,under18,2004,3890734.0
FL,total,2005,17842038.0
FL,under18,2005,3968178.0
FL,total,2006,18166990.0
FL,under18,2006,4022912.0
FL,total,2007,18367842.0
FL,under18,2007,4031098.0
FL,total,2008,18527305.0
FL,under18,2008,4018372.0
FL,total,2009,18652644.0
FL,under18,2009,3997283.0
FL,under18,2013,4026674.0
FL,total,2013,19552860.0
FL,under18,2010,3999532.0
FL,total,2010,18846054.0
FL,under18,2011,4002550.0
FL,total,2011,19083482.0
FL,under18,2012,4012421.0
FL,total,2012,19320749.0
GA,total,2012,9915646.0
GA,under18,2012,2487831.0
GA,under18,2011,2488898.0
GA,total,2011,9810181.0
GA,under18,2010,2490884.0
GA,total,2010,9713248.0
GA,total,2013,9992167.0
GA,total,2009,9620846.0
GA,under18,2009,2485781.0
GA,under18,2013,2489709.0
GA,total,2007,9349988.0
GA,under18,2007,2456249.0
GA,total,2008,9504843.0
GA,under18,2008,2479097.0
GA,total,2005,8925922.0
GA,under18,2005,2353604.0
GA,total,2006,9155813.0
GA,under18,2006,2406014.0
GA,total,2003,8622793.0
GA,under18,2003,2278710.0
GA,total,2004,8769252.0
GA,under18,2004,2308855.0
GA,total,2001,8377038.0
GA,under18,2001,2215390.0
GA,total,2002,8508256.0
GA,under18,2002,2249784.0
GA,total,1999,8045965.0
GA,under18,1999,2130698.0
GA,total,2000,8227303.0
GA,under18,2000,2176576.0
GA,total,1997,7685099.0
GA,under18,1997,2034163.0
GA,under18,1998,2078998.0
GA,total,1998,7863536.0
GA,under18,1996,1993171.0
GA,total,1996,7501069.0
GA,total,1995,7328413.0
GA,under18,1995,1949818.0
GA,under18,1992,1817781.0
GA,total,1992,6817203.0
GA,total,1993,6978240.0
GA,under18,1993,1865021.0
GA,under18,1994,1906539.0
GA,total,1994,7157165.0
GA,total,1991,6653005.0
GA,under18,1991,1773675.0
GA,under18,1990,1747363.0
GA,total,1990,6512602.0
HI,under18,1990,279983.0
HI,total,1990,1113491.0
HI,total,1991,1136754.0
HI,under18,1991,287871.0
HI,under18,1994,307517.0
HI,total,1994,1187536.0
HI,total,1993,1172838.0
HI,under18,1993,301473.0
HI,under18,1992,295124.0
HI,total,1992,1158613.0
HI,total,1995,1196854.0
HI,under18,1995,310325.0
HI,under18,1996,311213.0
HI,total,1996,1203755.0
HI,under18,1998,304576.0
HI,total,1998,1215233.0
HI,total,1997,1211640.0
HI,under18,1997,309465.0
HI,total,2000,1213519.0
HI,under18,2000,295352.0
HI,total,1999,1210300.0
HI,under18,1999,299680.0
HI,total,2002,1239613.0
HI,under18,2002,293600.0
HI,total,2001,1225948.0
HI,under18,2001,294133.0
HI,total,2004,1273569.0
HI,under18,2004,298103.0
HI,total,2003,1251154.0
HI,under18,2003,294519.0
HI,total,2006,1309731.0
HI,under18,2006,299313.0
HI,total,2005,1292729.0
HI,under18,2005,298497.0
HI,total,2008,1332213.0
HI,under18,2008,301094.0
HI,total,2007,1315675.0
HI,under18,2007,300207.0
HI,under18,2013,307266.0
HI,total,2009,1346717.0
HI,under18,2009,302796.0
HI,total,2013,1404054.0
HI,total,2010,1363731.0
HI,under18,2010,303812.0
HI,total,2011,1376897.0
HI,under18,2011,305396.0
HI,under18,2012,305981.0
HI,total,2012,1390090.0
ID,total,2012,1595590.0
ID,under18,2012,427177.0
ID,under18,2011,428535.0
ID,total,2011,1583930.0
ID,under18,2010,428961.0
ID,total,2010,1570718.0
ID,total,2013,1612136.0
ID,total,2009,1554439.0
ID,under18,2009,426076.0
ID,under18,2013,427781.0
ID,total,2007,1505105.0
ID,under18,2007,415024.0
ID,total,2008,1534320.0
ID,under18,2008,422347.0
ID,total,2005,1428241.0
ID,under18,2005,394651.0
ID,total,2006,1468669.0
ID,under18,2006,404753.0
ID,total,2003,1363380.0
ID,under18,2003,379241.0
ID,total,2004,1391802.0
ID,under18,2004,384692.0
ID,total,2001,1319962.0
ID,under18,2001,373145.0
ID,total,2002,1340372.0
ID,under18,2002,375986.0
ID,total,1999,1275674.0
ID,under18,1999,366689.0
ID,total,2000,1299430.0
ID,under18,2000,370430.0
ID,total,1997,1228520.0
ID,under18,1997,357779.0
ID,under18,1998,362189.0
ID,total,1998,1252330.0
ID,under18,1996,353824.0
ID,total,1996,1203083.0
ID,total,1995,1177322.0
ID,under18,1995,349248.0
ID,under18,1992,324972.0
ID,total,1992,1071685.0
ID,total,1993,1108768.0
ID,under18,1993,333838.0
ID,under18,1994,344242.0
ID,total,1994,1145140.0
ID,total,1991,1041316.0
ID,under18,1991,316732.0
ID,under18,1990,313373.0
ID,total,1990,1012384.0
IL,under18,1990,2940837.0
IL,total,1990,11453316.0
IL,total,1991,11568964.0
IL,under18,1991,2988715.0
IL,under18,1994,3110938.0
IL,total,1994,11912585.0
IL,total,1993,11809579.0
IL,under18,1993,3066541.0
IL,under18,1992,3033427.0
IL,total,1992,11694184.0
IL,total,1995,12008437.0
IL,under18,1995,3152984.0
IL,under18,1996,3192916.0
IL,total,1996,12101997.0
IL,under18,1998,3225252.0
IL,total,1998,12271847.0
IL,total,1997,12185715.0
IL,under18,1997,3222114.0
IL,total,2000,12434161.0
IL,under18,2000,3244944.0
IL,total,1999,12359020.0
IL,under18,1999,3240034.0
IL,total,2002,12525556.0
IL,under18,2002,3238362.0
IL,total,2001,12488445.0
IL,under18,2001,3243617.0
IL,total,2004,12589773.0
IL,under18,2004,3211599.0
IL,total,2003,12556006.0
IL,under18,2003,3225547.0
IL,total,2006,12643955.0
IL,under18,2006,3181246.0
IL,total,2005,12609903.0
IL,under18,2005,3197318.0
IL,total,2008,12747038.0
IL,under18,2008,3153401.0
IL,total,2007,12695866.0
IL,under18,2007,3170134.0
IL,under18,2013,3023307.0
IL,total,2009,12796778.0
IL,under18,2009,3138406.0
IL,total,2013,12882135.0
IL,total,2010,12839695.0
IL,under18,2010,3122092.0
IL,total,2011,12855970.0
IL,under18,2011,3089833.0
IL,under18,2012,3057042.0
IL,total,2012,12868192.0
IN,total,2012,6537782.0
IN,under18,2012,1589655.0
IN,under18,2011,1598091.0
IN,total,2011,6516336.0
IN,under18,2010,1605883.0
IN,total,2010,6489965.0
IN,total,2013,6570902.0
IN,total,2009,6459325.0
IN,under18,2009,1609704.0
IN,under18,2013,1586027.0
IN,total,2007,6379599.0
IN,under18,2007,1609494.0
IN,total,2008,6424806.0
IN,under18,2008,1611494.0
IN,total,2005,6278616.0
IN,under18,2005,1593898.0
IN,total,2006,6332669.0
IN,under18,2006,1603107.0
IN,total,2003,6196638.0
IN,under18,2003,1582560.0
IN,total,2004,6233007.0
IN,under18,2004,1586281.0
IN,total,2001,6127760.0
IN,under18,2001,1579527.0
IN,total,2002,6155967.0
IN,under18,2002,1580814.0
IN,total,1999,6044970.0
IN,under18,1999,1566079.0
IN,total,2000,6091866.0
IN,under18,2000,1574989.0
IN,total,1997,5955267.0
IN,under18,1997,1539270.0
IN,under18,1998,1551960.0
IN,total,1998,5998881.0
IN,under18,1996,1517961.0
IN,total,1996,5906013.0
IN,total,1995,5851459.0
IN,under18,1995,1507916.0
IN,under18,1992,1461650.0
IN,total,1992,5674547.0
IN,total,1993,5739019.0
IN,under18,1993,1473007.0
IN,under18,1994,1491802.0
IN,total,1994,5793526.0
IN,total,1991,5616388.0
IN,under18,1991,1450759.0
IN,under18,1990,1437209.0
IN,total,1990,5557798.0
IA,under18,1990,719366.0
IA,total,1990,2781018.0
IA,total,1991,2797613.0
IA,under18,1991,724446.0
IA,under18,1994,728397.0
IA,total,1994,2850746.0
IA,total,1993,2836972.0
IA,under18,1993,727751.0
IA,under18,1992,724798.0
IA,total,1992,2818401.0
IA,total,1995,2867373.0
IA,under18,1995,726961.0
IA,under18,1996,729177.0
IA,total,1996,2880001.0
IA,under18,1998,729943.0
IA,total,1998,2902872.0
IA,total,1997,2891119.0
IA,under18,1997,729806.0
IA,total,2000,2929067.0
IA,under18,2000,733337.0
IA,total,1999,2917634.0
IA,under18,1999,732671.0
IA,total,2002,2934234.0
IA,under18,2002,723685.0
IA,total,2001,2931997.0
IA,under18,2001,728601.0
IA,total,2004,2953635.0
IA,under18,2004,718708.0
IA,total,2003,2941999.0
IA,under18,2003,720102.0
IA,total,2006,2982644.0
IA,under18,2006,721703.0
IA,total,2005,2964454.0
IA,under18,2005,718488.0
IA,total,2008,3016734.0
IA,under18,2008,725658.0
IA,total,2007,2999212.0
IA,under18,2007,723632.0
IA,under18,2013,724032.0
IA,total,2009,3032870.0
IA,under18,2009,726969.0
IA,total,2013,3090416.0
IA,total,2010,3050314.0
IA,under18,2010,727717.0
IA,total,2011,3064102.0
IA,under18,2011,725522.0
IA,under18,2012,723917.0
IA,total,2012,3075039.0
KS,total,2012,2885398.0
KS,under18,2012,726668.0
KS,under18,2011,726787.0
KS,total,2011,2869548.0
KS,under18,2010,727729.0
KS,total,2010,2858910.0
KS,total,2013,2893957.0
KS,total,2009,2832704.0
KS,under18,2009,721841.0
KS,under18,2013,724092.0
KS,total,2007,2783785.0
KS,under18,2007,711005.0
KS,total,2008,2808076.0
KS,under18,2008,714689.0
KS,total,2005,2745299.0
KS,under18,2005,704689.0
KS,total,2006,2762931.0
KS,under18,2006,705277.0
KS,total,2003,2723004.0
KS,under18,2003,707847.0
KS,total,2004,2734373.0
KS,under18,2004,705456.0
KS,total,2001,2702162.0
KS,under18,2001,710923.0
KS,total,2002,2713535.0
KS,under18,2002,709416.0
KS,total,1999,2678338.0
KS,under18,1999,713022.0
KS,total,2000,2693681.0
KS,under18,2000,713887.0
KS,total,1997,2635292.0
KS,under18,1997,704001.0
KS,under18,1998,710402.0
KS,total,1998,2660598.0
KS,under18,1996,696298.0
KS,total,1996,2614554.0
KS,total,1995,2601008.0
KS,under18,1995,694124.0
KS,under18,1992,680871.0
KS,total,1992,2532395.0
KS,total,1993,2556547.0
KS,under18,1993,687262.0
KS,under18,1994,693673.0
KS,total,1994,2580513.0
KS,total,1991,2498722.0
KS,under18,1991,672033.0
KS,under18,1990,662641.0
KS,total,1990,2481349.0
KY,under18,1990,945951.0
KY,total,1990,3694048.0
KY,total,1991,3722328.0
KY,under18,1991,951512.0
KY,under18,1994,981439.0
KY,total,1994,3849088.0
KY,total,1993,3812206.0
KY,under18,1993,971134.0
KY,under18,1992,963861.0
KY,total,1992,3765469.0
KY,total,1995,3887427.0
KY,under18,1995,984486.0
KY,under18,1996,987062.0
KY,total,1996,3919536.0
KY,under18,1998,997296.0
KY,total,1998,3985391.0
KY,total,1997,3952747.0
KY,under18,1997,1002609.0
KY,total,2000,4049021.0
KY,under18,2000,994984.0
KY,total,1999,4018053.0
KY,under18,1999,996382.0
KY,total,2002,4089875.0
KY,under18,2002,995251.0
KY,total,2001,4068132.0
KY,under18,2001,994105.0
KY,total,2004,4146101.0
KY,under18,2004,998459.0
KY,total,2003,4117170.0
KY,under18,2003,998485.0
KY,total,2006,4219239.0
KY,under18,2006,1011295.0
KY,total,2005,4182742.0
KY,under18,2005,1004020.0
KY,total,2008,4289878.0
KY,under18,2008,1022001.0
KY,total,2007,4256672.0
KY,under18,2007,1016288.0
KY,under18,2013,1014004.0
KY,total,2009,4317074.0
KY,under18,2009,1021710.0
KY,total,2013,4395295.0
KY,total,2010,4347698.0
KY,under18,2010,1023679.0
KY,total,2011,4366869.0
KY,under18,2011,1021926.0
KY,under18,2012,1017350.0
KY,total,2012,4379730.0
LA,total,2012,4602134.0
LA,under18,2012,1114620.0
LA,under18,2011,1116579.0
LA,total,2011,4575197.0
LA,under18,2010,1118576.0
LA,total,2010,4545392.0
LA,total,2013,4625470.0
LA,total,2009,4491648.0
LA,under18,2009,1114228.0
LA,under18,2013,1112957.0
LA,total,2007,4375581.0
LA,under18,2007,1096642.0
LA,total,2008,4435586.0
LA,under18,2008,1108728.0
LA,total,2005,4576628.0
LA,under18,2005,1177954.0
LA,total,2006,4302665.0
LA,under18,2006,1078779.0
LA,total,2003,4521042.0
LA,under18,2003,1188070.0
LA,total,2004,4552238.0
LA,under18,2004,1182731.0
LA,total,2001,4477875.0
LA,under18,2001,1204187.0
LA,total,2002,4497267.0
LA,under18,2002,1194819.0
LA,total,2000,4471885.0
LA,under18,2000,1217670.0
LA,total,1999,4460811.0
LA,under18,1999,1227167.0
LA,total,1997,4421072.0
LA,under18,1997,1239665.0
LA,under18,1998,1232984.0
LA,total,1998,4440344.0
LA,under18,1996,1244627.0
LA,total,1996,4398877.0
LA,total,1995,4378779.0
LA,under18,1995,1250112.0
LA,under18,1992,1237034.0
LA,total,1992,4293003.0
LA,total,1993,4316428.0
LA,under18,1993,1239161.0
LA,under18,1994,1247631.0
LA,total,1994,4347481.0
LA,total,1991,4253279.0
LA,under18,1991,1222330.0
LA,under18,1990,1205984.0
LA,total,1990,4221532.0
ME,under18,1990,308066.0
ME,total,1990,1231719.0
ME,total,1991,1237081.0
ME,under18,1991,309871.0
ME,under18,1994,311570.0
ME,total,1994,1242662.0
ME,total,1993,1242302.0
ME,under18,1993,310966.0
ME,under18,1992,310679.0
ME,total,1992,1238508.0
ME,total,1995,1243481.0
ME,under18,1995,309173.0
ME,under18,1996,307740.0
ME,total,1996,1249060.0
ME,under18,1998,304496.0
ME,total,1998,1259127.0
ME,total,1997,1254774.0
ME,under18,1997,305097.0
ME,total,1999,1266808.0
ME,under18,1999,302321.0
ME,total,2000,1277072.0
ME,under18,2000,301407.0
ME,total,2002,1295960.0
ME,under18,2002,298595.0
ME,total,2001,1285692.0
ME,under18,2001,300088.0
ME,total,2004,1313688.0
ME,under18,2004,294791.0
ME,total,2003,1306513.0
ME,under18,2003,296786.0
ME,total,2006,1323619.0
ME,under18,2006,288945.0
ME,total,2005,1318787.0
ME,under18,2005,292039.0
ME,total,2008,1330509.0
ME,under18,2008,282204.0
ME,total,2007,1327040.0
ME,under18,2007,286185.0
ME,under18,2013,261276.0
ME,total,2009,1329590.0
ME,under18,2009,277946.0
ME,total,2013,1328302.0
ME,total,2010,1327366.0
ME,under18,2010,273061.0
ME,total,2011,1327844.0
ME,under18,2011,268737.0
ME,under18,2012,264846.0
ME,total,2012,1328501.0
MD,total,2012,5884868.0
MD,under18,2012,1346235.0
MD,under18,2011,1348766.0
MD,total,2011,5840241.0
MD,under18,2010,1351983.0
MD,total,2010,5787193.0
MD,total,2013,5928814.0
MD,total,2009,5730388.0
MD,under18,2009,1353631.0
MD,under18,2013,1344522.0
MD,total,2007,5653408.0
MD,under18,2007,1369563.0
MD,total,2008,5684965.0
MD,under18,2008,1359214.0
MD,total,2005,5592379.0
MD,under18,2005,1382966.0
MD,total,2006,5627367.0
MD,under18,2006,1377756.0
MD,total,2003,5496269.0
MD,under18,2003,1379641.0
MD,total,2004,5546935.0
MD,under18,2004,1383450.0
MD,total,2001,5374691.0
MD,under18,2001,1366552.0
MD,total,2002,5440389.0
MD,under18,2002,1375354.0
MD,total,2000,5311034.0
MD,under18,2000,1356961.0
MD,total,1999,5254509.0
MD,under18,1999,1348659.0
MD,total,1997,5157328.0
MD,under18,1997,1321306.0
MD,under18,1998,1338727.0
MD,total,1998,5204464.0
MD,under18,1996,1303816.0
MD,total,1996,5111986.0
MD,total,1995,5070033.0
MD,under18,1995,1300695.0
MD,under18,1992,1235498.0
MD,total,1992,4923369.0
